   Data;Vazão
01/12/2013;17053.96
02/12/2013;16873.11
03/12/2013;16243.92
04/12/2013;15443.78
05/12/2013;14959.79
06/12/2013;14828.45
07/12/2013;14653.79
08/12/2013;16288.66
09/12/2013;17508.17
10/12/2013;17235.29
11/12/2013;16737.78
12/12/2013;16020.65
13/12/2013;16065.24
14/12/2013;16423.08
15/12/2013;18379.26
16/12/2013;22109.66
17/12/2013;23471.81
18/12/2013;23471.81
19/12/2013;23668.04
20/12/2013;25402.13
21/12/2013;26963.04
22/12/2013;27726.53
23/12/2013;28033.4
24/12/2013;28341.11
25/12/2013;28392.47
26/12/2013;28084.63
27/12/2013;28033.4
28/12/2013;27166.12
29/12/2013;26356.08
30/12/2013;25252.31
31/12/2013;24209.75
01/01/2014;23618.94
02/01/2014;22983.01
03/01/2014;23129.38
04/01/2014;26204.88
05/01/2014;28289.77
06/01/2014;29424.6
07/01/2014;30048.23
08/01/2014;30413.51
09/01/2014;30413.51
10/01/2014;30727.48
11/01/2014;30989.72
12/01/2014;31042.24
13/01/2014;31305.15
14/01/2014;31568.61
15/01/2014;31779.77
16/01/2014;31515.87
17/01/2014;31042.24
18/01/2014;31042.24
19/01/2014;31515.87
20/01/2014;31832.62
21/01/2014;32044.21
22/01/2014;32203.14
23/01/2014;32362.26
24/01/2014;32097.17
25/01/2014;31885.48
26/01/2014;32150.14
27/01/2014;32574.72
28/01/2014;33160.77
29/01/2014;34610.13
30/01/2014;35259.2
31/01/2014;35639.2
01/02/2014;36183.81
02/02/2014;36620.96
03/02/2014;37334.11
04/02/2014;37995.41
05/02/2014;38770.55
06/02/2014;40052.37
07/02/2014;41119.01
08/02/2014;42135.89
09/02/2014;43044.92
10/02/2014;44130.62
11/02/2014;45453.8
12/02/2014;46437.99
13/02/2014;47252.42
14/02/2014;47953.28
15/02/2014;48832.94
16/02/2014;49421.58
17/02/2014;49834.67
18/02/2014;50189.42
19/02/2014;50722.71
20/02/2014;51079.02
21/02/2014;51435.94
22/02/2014;52211.39
23/02/2014;52630.12
24/02/2014;52869.77
25/02/2014;52929.73
26/02/2014;53049.68
27/02/2014;53169.71
28/02/2014;53349.88
01/03/2014;53590.34
02/03/2014;53710.66
03/03/2014;53590.34
04/03/2014;53770.86
05/03/2014;53831.06
06/03/2014;53891.29
07/03/2014;53891.29
08/03/2014;54132.34
09/03/2014;54313.31
10/03/2014;54494.43
11/03/2014;54615.26
12/03/2014;54736.16
13/03/2014;55038.68
14/03/2014;55220.4
15/03/2014;55402.27
16/03/2014;55523.59
17/03/2014;55827.19
18/03/2014;56252.92
19/03/2014;57229.02
20/03/2014;57473.7
21/03/2014;58270.67
22/03/2014;58454.97
23/03/2014;59008.75
24/03/2014;58762.47
25/03/2014;58393.52
26/03/2014;58147.88
27/03/2014;57718.63
28/03/2014;57412.5
29/03/2014;56984.61
30/03/2014;56496.55
31/03/2014;55827.19
01/04/2014;55584.28
02/04/2014;55402.27
03/04/2014;55644.98
04/04/2014;55887.96
05/04/2014;55523.59
06/04/2014;54978.14
07/04/2014;54313.31
08/04/2014;53650.49
09/04/2014;53470.07
10/04/2014;52330.94
11/04/2014;50900.79
12/04/2014;49598.52
13/04/2014;48539.28
14/04/2014;47427.39
15/04/2014;46321.93
16/04/2014;44647.23
17/04/2014;44474.86
18/04/2014;45165.32
19/04/2014;44934.88
20/04/2014;44245.29
21/04/2014;42931.03
22/04/2014;41796.24
23/04/2014;41006.41
24/04/2014;40388.45
25/04/2014;39940.5
26/04/2014;40500.63
27/04/2014;40556.75
28/04/2014;40781.43
29/04/2014;41006.41
30/04/2014;40950.13
01/05/2014;40276.35
02/05/2014;39884.59
03/05/2014;39549.56
04/05/2014;39270.9
05/05/2014;39940.5
06/05/2014;40837.64
07/05/2014;40500.63
08/05/2014;39661.16
09/05/2014;38437.87
10/05/2014;37829.81
11/05/2014;38050.65
12/05/2014;38327.14
13/05/2014;38216.48
14/05/2014;38050.65
15/05/2014;37004.54
16/05/2014;36183.81
17/05/2014;35421.94
18/05/2014;34934.29
19/05/2014;34718.11
20/05/2014;34232.9
21/05/2014;35096.66
22/05/2014;35639.2
23/05/2014;35911.25
24/05/2014;35747.96
25/05/2014;34934.29
26/05/2014;35205
27/05/2014;35042.52
28/05/2014;34502.25
29/05/2014;33910.37
30/05/2014;33267.6
31/05/2014;32256.16
01/06/2014;31199.92
02/06/2014;30518.08
03/06/2014;29787.99
04/06/2014;28907.39
05/06/2014;28341.11
06/06/2014;27726.53
07/06/2014;27726.53
08/06/2014;27931.02
09/06/2014;27777.62
10/06/2014;27318.68
11/06/2014;27013.78
12/06/2014;26760.34
13/06/2014;27931.02
14/06/2014;30465.78
15/06/2014;31410.47
16/06/2014;31568.61
17/06/2014;31621.37
18/06/2014;30989.72
19/06/2014;29944.07
20/06/2014;28907.39
21/06/2014;27777.62
22/06/2014;26709.73
23/06/2014;25852.92
24/06/2014;24704.85
25/06/2014;24209.75
26/06/2014;23520.83
27/06/2014;22934.27
28/06/2014;22254.63
29/06/2014;21772.3
30/06/2014;21628.12
01/07/2014;22448.3
02/07/2014;24456.99
03/07/2014;24853.86
04/07/2014;24259.15
05/07/2014;23373.84
06/07/2014;22448.3
07/07/2014;21628.12
08/07/2014;20958.41
09/07/2014;20578.08
10/07/2014;21724.22
11/07/2014;23178.22
12/07/2014;23227.09
13/07/2014;22642.38
14/07/2014;21820.42
15/07/2014;21006.07
16/07/2014;20293.97
17/07/2014;19588.02
18/07/2014;18981.25
19/07/2014;18287.07
20/07/2014;17553.76
21/07/2014;16827.97
22/07/2014;16243.92
23/07/2014;15798.16
24/07/2014;15487.96
25/07/2014;15443.78
26/07/2014;15223.31
27/07/2014;15003.63
28/07/2014;14610.21
29/07/2014;14219.4
30/07/2014;14392.77
31/07/2014;14479.65
01/08/2014;14089.72
02/08/2014;13573.96
03/08/2014;12978.34
04/08/2014;12515.05
05/08/2014;12097.53
06/08/2014;11601.19
07/08/2014;11150.8
08/08/2014;11069.38
09/08/2014;10664.56
10/08/2014;10223.61
11/08/2014;9985.06
12/08/2014;9826.8
13/08/2014;9826.8
14/08/2014;10463.56
15/08/2014;10947.54
16/08/2014;10907
17/08/2014;10423.47
18/08/2014;9866.31
19/08/2014;9629.87
20/08/2014;9708.53
21/08/2014;9629.87
22/08/2014;9355.84
23/08/2014;8967.8
24/08/2014;8622.09
25/08/2014;8317.64
26/08/2014;8128.75
27/08/2014;7940.95
28/08/2014;7717.03
29/08/2014;7457.81
30/08/2014;7200.82
31/08/2014;6982.33
01/09/2014;6801.54
02/09/2014;6621.93
03/09/2014;6514.75
04/09/2014;6372.51
05/09/2014;6266.34
06/09/2014;6125.48
07/09/2014;6055.35
08/09/2014;5950.53
09/09/2014;5846.16
10/09/2014;5638.82
11/09/2014;5570.12
12/09/2014;5467.46
13/09/2014;5365.28
14/09/2014;5196.06
15/09/2014;5028.18
16/09/2014;4928.12
17/09/2014;5263.58
18/09/2014;5880.9
19/09/2014;5985.42
20/09/2014;5846.16
21/09/2014;5811.48
22/09/2014;5985.42
23/09/2014;6160.62
24/09/2014;6090.39
25/09/2014;5880.9
26/09/2014;5742.26
27/09/2014;5915.69
28/09/2014;6693.63
29/09/2014;7164.29
30/09/2014;7200.82
01/10/2014;7237.39
02/10/2014;7384.16
03/10/2014;7531.65
04/10/2014;7420.96
05/10/2014;7127.8
06/10/2014;6837.6
07/10/2014;6514.75
08/10/2014;6231.05
09/10/2014;6055.35
10/10/2014;5880.9
11/10/2014;5776.84
12/10/2014;5707.73
13/10/2014;5673.25
14/10/2014;5742.26
15/10/2014;5950.53
16/10/2014;6020.36
17/10/2014;5915.69
18/10/2014;5880.9
19/10/2014;5985.42
20/10/2014;6020.36
21/10/2014;5880.9
22/10/2014;5638.82
23/10/2014;5365.28
24/10/2014;5061.65
25/10/2014;4861.69
26/10/2014;4663.75
27/10/2014;4500.38
28/10/2014;4500.38
29/10/2014;4630.96
30/10/2014;4663.75
31/10/2014;4565.55
01/11/2014;4565.55
02/11/2014;4696.6
03/11/2014;4828.56
04/11/2014;5028.18
05/11/2014;5535.85
06/11/2014;6160.62
07/11/2014;6407.99
08/11/2014;6372.51
09/11/2014;6195.81
10/11/2014;6125.48
11/11/2014;6090.39
12/11/2014;6195.81
13/11/2014;6407.99
14/11/2014;6693.63
15/11/2014;6982.33
16/11/2014;7237.39
17/11/2014;7717.03
18/11/2014;8317.64
19/11/2014;9787.34
20/11/2014;11069.38
21/11/2014;11601.19
22/11/2014;11314.07
23/11/2014;10745.22
24/11/2014;11110.07
25/11/2014;11314.07
26/11/2014;11273.19
27/11/2014;10947.54
28/11/2014;10907
29/11/2014;11110.07
30/11/2014;11766.06
01/12/2014;12767.23
02/12/2014;13573.96
03/12/2014;14392.77
04/12/2014;14959.79
05/12/2014;15620.72
06/12/2014;16109.87
07/12/2014;16692.73
08/12/2014;17326.13
09/12/2014;17144.57
10/12/2014;16378.24
11/12/2014;15620.72
12/12/2014;14959.79
13/12/2014;14610.21
14/12/2014;14392.77
15/12/2014;14262.7
16/12/2014;14132.92
17/12/2014;13831.25
18/12/2014;13403.11
19/12/2014;13702.45
20/12/2014;14003.43
21/12/2014;14176.14
22/12/2014;15091.4
23/12/2014;16512.84
24/12/2014;17736.39
25/12/2014;18149.01
26/12/2014;18517.75
27/12/2014;19541.18
28/12/2014;20910.78
29/12/2014;21484.17
30/12/2014;21484.17
31/12/2014;21340.46
01/01/2015;22496.78
02/01/2015;23717.16
03/01/2015;24407.49
04/01/2015;24704.85
05/01/2015;25102.71
06/01/2015;25953.36
07/01/2015;26709.73
08/01/2015;27931.02
09/01/2015;27982.2
10/01/2015;27420.5
11/01/2015;26356.08
12/01/2015;25953.36
13/01/2015;26003.61
14/01/2015;25752.57
15/01/2015;25702.44
16/01/2015;26507.5
17/01/2015;27879.86
18/01/2015;29165.71
19/01/2015;30100.35
20/01/2015;30779.88
21/01/2015;31252.52
22/01/2015;31621.37
23/01/2015;31991.28
24/01/2015;32309.2
25/01/2015;32840.78
26/01/2015;33160.77
27/01/2015;33321.04
28/01/2015;33267.6
29/01/2015;33160.77
30/01/2015;33160.77
31/01/2015;33267.6
01/02/2015;33395.91
02/02/2015;33524.34
03/02/2015;33636.82
04/02/2015;33797.66
05/02/2015;33969.44
06/02/2015;34044.66
07/02/2015;33786.93
08/02/2015;33203.49
09/02/2015;32479.07
10/02/2015;32049.5
11/02/2015;32553.46
12/02/2015;33182.12
13/02/2015;33144.75
14/02/2015;33080.7
15/02/2015;33256.91
16/02/2015;33299.66
17/02/2015;33379.86
18/02/2015;33497.57
19/02/2015;33717.22
20/02/2015;33990.93
21/02/2015;34254.43
22/02/2015;34642.52
23/02/2015;35118.32
24/02/2015;35660.95
25/02/2015;35982.07
26/02/2015;36391.3
27/02/2015;36779.75
28/02/2015;37037.46
01/03/2015;37301.12
02/03/2015;37576.25
03/03/2015;37835.33
04/03/2015;38155.66
05/03/2015;38648.49
06/03/2015;39165.14
07/03/2015;39059.45
08/03/2015;38892.71
09/03/2015;38770.55
10/03/2015;38881.6
11/03/2015;38937.16
12/03/2015;39048.32
13/03/2015;38887.16
14/03/2015;38759.45
15/03/2015;38354.81
16/03/2015;38803.86
17/03/2015;38133.54
18/03/2015;37691.96
19/03/2015;37725.03
20/03/2015;37774.66
21/03/2015;37609.3
22/03/2015;37389.11
23/03/2015;36620.96
24/03/2015;35938.48
25/03/2015;35340.55
26/03/2015;34448.34
27/03/2015;33615.39
28/03/2015;32627.89
29/03/2015;31832.62
30/03/2015;31199.92
31/03/2015;30989.72
01/04/2015;30622.73
02/04/2015;30727.48
03/04/2015;30152.48
04/04/2015;29787.99
05/04/2015;29736.01
06/04/2015;29424.6
07/04/2015;29580.2
08/04/2015;28959.01
09/04/2015;29165.71
10/04/2015;30152.48
11/04/2015;31199.92
12/04/2015;31410.47
13/04/2015;30779.88
14/04/2015;30413.51
15/04/2015;30204.64
16/04/2015;30256.83
17/04/2015;29684.05
18/04/2015;29372.77
19/04/2015;29165.71
20/04/2015;29062.31
21/04/2015;29424.6
22/04/2015;30361.26
23/04/2015;30622.73
24/04/2015;29372.77
25/04/2015;29528.31
26/04/2015;29996.14
27/04/2015;31042.24
28/04/2015;31515.87
29/04/2015;31147.34
30/04/2015;30727.48
01/05/2015;30465.78
02/05/2015;30675.09
03/05/2015;30832.31
04/05/2015;31094.78
05/05/2015;31357.8
06/05/2015;32256.16
07/05/2015;33267.6
08/05/2015;34664.11
09/05/2015;35476.22
10/05/2015;36238.38
11/05/2015;36511.55
12/05/2015;36675.7
13/05/2015;35856.8
14/05/2015;35042.52
15/05/2015;34988.39
16/05/2015;35205
17/05/2015;34664.11
18/05/2015;33481.52
19/05/2015;32468.45
20/05/2015;32044.21
21/05/2015;31357.8
22/05/2015;30884.76
23/05/2015;30361.26
24/05/2015;29684.05
25/05/2015;29114
26/05/2015;28752.68
27/05/2015;28855.8
28/05/2015;30309.03
29/05/2015;31305.15
30/05/2015;31094.78
31/05/2015;32203.14
01/06/2015;33990.93
02/06/2015;34772.12
03/06/2015;34372.89
04/06/2015;33722.58
05/06/2015;33749.39
06/06/2015;33749.39
07/06/2015;32441.89
08/06/2015;31515.87
09/06/2015;30491.93
10/06/2015;29269.2
11/06/2015;28264.1
12/06/2015;27598.92
13/06/2015;27445.97
14/06/2015;27044.23
15/06/2015;26446.91
16/06/2015;26240.14
17/06/2015;26043.84
18/06/2015;25807.75
19/06/2015;25607.24
20/06/2015;25772.63
21/06/2015;25973.46
22/06/2015;25627.28
23/06/2015;25097.72
24/06/2015;24908.55
25/06/2015;24754.49
26/06/2015;24175.19
27/06/2015;23785.97
28/06/2015;22448.3
29/06/2015;21796.36
30/06/2015;21125.35
01/07/2015;20668.26
02/07/2015;20218.38
03/07/2015;19813.25
04/07/2015;19494.36
05/07/2015;20048.54
06/07/2015;21340.46
07/07/2015;23471.81
08/07/2015;25147.57
09/07/2015;25222.37
10/07/2015;24160.38
11/07/2015;23217.32
12/07/2015;23462.01
13/07/2015;23241.76
14/07/2015;22293.34
15/07/2015;21206.55
16/07/2015;20293.97
17/07/2015;19541.18
18/07/2015;18902.26
19/07/2015;18466.94
20/07/2015;18614.85
21/07/2015;19158.13
22/07/2015;19060.33
23/07/2015;18614.85
24/07/2015;18070.89
25/07/2015;17672.41
26/07/2015;17576.56
27/07/2015;17503.62
28/07/2015;17248.91
29/07/2015;16850.54
30/07/2015;16445.51
31/07/2015;16105.4
01/08/2015;15829.26
02/08/2015;15523.34
03/08/2015;15139.73
04/08/2015;14719.23
05/08/2015;14288.69
06/08/2015;13874.24
07/08/2015;13501.29
08/08/2015;13147.84
09/08/2015;12779.88
10/08/2015;12439.63
11/08/2015;12105.84
12/08/2015;12139.12
13/08/2015;15284.96
14/08/2015;16467.95
15/08/2015;15611.86
16/08/2015;14457.92
17/08/2015;13608.2
18/08/2015;12944.5
19/08/2015;12284.98
20/08/2015;11634.12
21/08/2015;11114.14
22/08/2015;10753.29
23/08/2015;10676.65
24/08/2015;10769.45
25/08/2015;10721.01
26/08/2015;10455.54
27/08/2015;10092.23
28/08/2015;9747.91
29/08/2015;9402.67
30/08/2015;9083.78
31/08/2015;8825.27
01/09/2015;8580.07
02/09/2015;8370.72
03/09/2015;8185.31
04/09/2015;8008.44
05/09/2015;7839.99
06/09/2015;7657.59
07/09/2015;7413.6
08/09/2015;7197.16
09/09/2015;7000.47
10/09/2015;6812.35
11/09/2015;6686.46
12/09/2015;6532.58
13/09/2015;6390.24
14/09/2015;6312.29
15/09/2015;6507.62
16/09/2015;7054.97
17/09/2015;7384.16
18/09/2015;7446.75
19/09/2015;7266.69
20/09/2015;6848.43
21/09/2015;6500.48
22/09/2015;6209.9
23/09/2015;5974.94
24/09/2015;5700.83
25/09/2015;5440.17
26/09/2015;5266.97
27/09/2015;5172.47
28/09/2015;5085.1
29/09/2015;4954.75
30/09/2015;4805.4
01/10/2015;4722.92
02/10/2015;4660.47
03/10/2015;4998.11
04/10/2015;5535.85
05/10/2015;5666.36
06/10/2015;5494.79
07/10/2015;5202.8
08/10/2015;5088.46
09/10/2015;5041.56
10/10/2015;4968.08
11/10/2015;4994.77
12/10/2015;5165.74
13/10/2015;5372.08
14/10/2015;5728.44
15/10/2015;6185.25
16/10/2015;6386.7
17/10/2015;6543.29
18/10/2015;6852.04
19/10/2015;6978.7
20/10/2015;6826.78
21/10/2015;6650.59
22/10/2015;6550.43
23/10/2015;6464.87
24/10/2015;6354.78
25/10/2015;6164.14
26/10/2015;5943.56
27/10/2015;5707.73
28/10/2015;5498.21
29/10/2015;5280.5
30/10/2015;5068.35
31/10/2015;5028.18
01/11/2015;5058.3
02/11/2015;5091.81
03/11/2015;5001.45
04/11/2015;4858.37
05/11/2015;4881.59
06/11/2015;5429.94
07/11/2015;7672.44
08/11/2015;9547.46
09/11/2015;10515.73
10/11/2015;11506.65
11/11/2015;12097.53
12/11/2015;11782.58
13/11/2015;11248.69
14/11/2015;10745.22
15/11/2015;10379.42
16/11/2015;10231.59
17/11/2015;10411.45
18/11/2015;10809.86
19/11/2015;10975.94
20/11/2015;10761.38
21/11/2015;10523.76
22/11/2015;10132
23/11/2015;9688.85
24/11/2015;9496.52
25/11/2015;9348.04
26/11/2015;9246.77
27/11/2015;9161.31
28/11/2015;9002.56
29/11/2015;8706.28
30/11/2015;8397.29
01/12/2015;8158.91
02/12/2015;7937.21
03/12/2015;7798.95
04/12/2015;9196.25
05/12/2015;12381.06
06/12/2015;13317.88
07/12/2015;13075.74
08/12/2015;12193.25
09/12/2015;11346.79
10/12/2015;10801.78
11/12/2015;10830.08
12/12/2015;11167.1
13/12/2015;11371.35
14/12/2015;11342.7
15/12/2015;11273.19
16/12/2015;11142.65
17/12/2015;10850.31
18/12/2015;10571.98
19/12/2015;10355.41
20/12/2015;10503.68
21/12/2015;10866.5
22/12/2015;10927.27
23/12/2015;11081.59
24/12/2015;12201.58
25/12/2015;13509.83
26/12/2015;13638.17
27/12/2015;14488.34
28/12/2015;14475.3
29/12/2015;14470.96
30/12/2015;14719.23
31/12/2015;15355.49
01/01/2016;16016.95
02/01/2016;16374.52
03/01/2016;16251.39
04/01/2016;16214.09
05/01/2016;16636.47
06/01/2016;16640.2
07/01/2016;16458.61
08/01/2016;16325.96
09/01/2016;15983.53
10/01/2016;15443.78
11/01/2016;15443.78
12/01/2016;15642.87
13/01/2016;15968.65
14/01/2016;16061.54
15/01/2016;16348.35
16/01/2016;17477.79
17/01/2016;18496.59
18/01/2016;18780.07
19/01/2016;19041.34
20/01/2016;19019.99
21/01/2016;18801.31
22/01/2016;19256.84
23/01/2016;20158.19
24/01/2016;20682.88
25/01/2016;20286.08
26/01/2016;19122.81
27/01/2016;17932.87
28/01/2016;16954.07
29/01/2016;16329.72
30/01/2016;16453
31/01/2016;16619.6
01/02/2016;16882.5
02/02/2016;16923.92
03/02/2016;17997.81
04/02/2016;19396.94
05/02/2016;21029.92
06/02/2016;22523.07
07/02/2016;23571.93
08/02/2016;24170.65
09/02/2016;24831.1
10/02/2016;25882.19
11/02/2016;26745.56
12/02/2016;26876.44
13/02/2016;26372.88
14/02/2016;25955.47
15/02/2016;25742.14
16/02/2016;25583.46
17/02/2016;24994.78
18/02/2016;24131.61
19/02/2016;23245.42
20/02/2016;23141.59
21/02/2016;23967.23
22/02/2016;24570.53
23/02/2016;24281.78
24/02/2016;23981.62
25/02/2016;24465.26
26/02/2016;25855.02
27/02/2016;27102.62
28/02/2016;27605.29
29/02/2016;28101.69
01/03/2016;29342.57
02/03/2016;30437.45
03/03/2016;31193.35
04/03/2016;31693.94
05/03/2016;32101.56
06/03/2016;32501.65
07/03/2016;32914.04
08/03/2016;33488.2
09/03/2016;33838.82
10/03/2016;33785.16
11/03/2016;33588.6
12/03/2016;33436.94
13/03/2016;33338.85
14/03/2016;33457
15/03/2016;33555.13
16/03/2016;33323.29
17/03/2016;32413.11
18/03/2016;31033.47
19/03/2016;29284.31
20/03/2016;28617.47
21/03/2016;27569.18
22/03/2016;27009.56
23/03/2016;27382.31
24/03/2016;27584.02
25/03/2016;27089.92
26/03/2016;26724.5
27/03/2016;26901.79
28/03/2016;27520.28
29/03/2016;28495.27
30/03/2016;29658.08
31/03/2016;29820.49
01/04/2016;28950.39
02/04/2016;27890.5
03/04/2016;27223.3
04/04/2016;27325.04
05/04/2016;27106.83
06/04/2016;26284.64
07/04/2016;25431.27
08/04/2016;24735.88
09/04/2016;24677.95
10/04/2016;24564.34
11/04/2016;24452.88
12/04/2016;24512.71
13/04/2016;23739.66
14/04/2016;23363.66
15/04/2016;23604.61
16/04/2016;23737.65
17/04/2016;24403.38
18/04/2016;24708.97
19/04/2016;25283.5
20/04/2016;25669.01
21/04/2016;25354.27
22/04/2016;25001
23/04/2016;25108.94
24/04/2016;25863.36
25/04/2016;26125.18
26/04/2016;26015.12
27/04/2016;25252.31
28/04/2016;25593.88
29/04/2016;27460.85
30/04/2016;28176.48
01/05/2016;27982.2
02/05/2016;26589.61
03/05/2016;25121.39
04/05/2016;23963.14
05/05/2016;23041.92
06/05/2016;22157.96
07/05/2016;21420.29
08/05/2016;20833.43
09/05/2016;20260.51
10/05/2016;19716.98
11/05/2016;19278.21
12/05/2016;19043.25
13/05/2016;19502.18
14/05/2016;20030.49
15/05/2016;20635.4
16/05/2016;21434.23
17/05/2016;22035.24
18/05/2016;22391.75
19/05/2016;22067.42
20/05/2016;21210.95
21/05/2016;20465.51
22/05/2016;20085.45
23/05/2016;19744.35
24/05/2016;19062.66
25/05/2016;18283.25
26/05/2016;17587.96
27/05/2016;16993.64
28/05/2016;16628.95
29/05/2016;16567.12
30/05/2016;16400.66
31/05/2016;15911.18
01/06/2016;15432.73
02/06/2016;15329.78
03/06/2016;15338.96
04/06/2016;14950.67
05/06/2016;14322.28
06/06/2016;13656.03
07/06/2016;12721.62
08/06/2016;12523.77
09/06/2016;13650.68
10/06/2016;15955.69
11/06/2016;16820.43
12/06/2016;16325.96
13/06/2016;15465.87
14/06/2016;14530.4
15/06/2016;13652.44
16/06/2016;12969.54
17/06/2016;12399.88
18/06/2016;11790.14
19/06/2016;11293.62
20/06/2016;10858.08
21/06/2016;10460.23
22/06/2016;10087.59
23/06/2016;9734.79
24/06/2016;9424.16
25/06/2016;9062.8
26/06/2016;8821.73
27/06/2016;8574.34
28/06/2016;8290.83
29/06/2016;8087.98
30/06/2016;7855.22
01/07/2016;7669.02
02/07/2016;7813.23
03/07/2016;8248.27
04/07/2016;8681.08
05/07/2016;8711.38
06/07/2016;8431.49
07/07/2016;8040.99
08/07/2016;7653.58
09/07/2016;7324.45
10/07/2016;7006.53
11/07/2016;6738.54
12/07/2016;6729.55
13/07/2016;7353.54
14/07/2016;7835.02
15/07/2016;7789.93
16/07/2016;7456.27
17/07/2016;7021.64
18/07/2016;6645.82
19/07/2016;6366.58
20/07/2016;6194.33
21/07/2016;6093.3
22/07/2016;6187.01
23/07/2016;6297.26
24/07/2016;6223.72
25/07/2016;5970.86
26/07/2016;5720.67
27/07/2016;5453.23
28/07/2016;5165.17
29/07/2016;4907.33
30/07/2016;4676.06
31/07/2016;4476
01/08/2016;4307.6
02/08/2016;4123.56
03/08/2016;3999.36
04/08/2016;3889.17
05/08/2016;3958.6
06/08/2016;3936.3
07/08/2016;3822.65
08/08/2016;3696.91
09/08/2016;3538.98
10/08/2016;3438.47
11/08/2016;3307.24
12/08/2016;3177.29
13/08/2016;3079.45
14/08/2016;2986.05
15/08/2016;3102.92
16/08/2016;3711.11
17/08/2016;4354.58
18/08/2016;4704.82
19/08/2016;4741.86
20/08/2016;4527.49
21/08/2016;4184.68
22/08/2016;3883.94
23/08/2016;3627.36
24/08/2016;3411.86
25/08/2016;3259.61
26/08/2016;3183.51
27/08/2016;3208.41
28/08/2016;3230.86
29/08/2016;3229.61
30/08/2016;3188.49
31/08/2016;3156.18
01/09/2016;3084.39
02/09/2016;2934.75
03/09/2016;2762.93
04/09/2016;2655.38
05/09/2016;2729.35
06/09/2016;3148.73
07/09/2016;3628.65
08/09/2016;3685.29
09/09/2016;3513.47
10/09/2016;3318.54
11/09/2016;3348.74
12/09/2016;3568.39
13/09/2016;3761.59
14/09/2016;3823.95
15/09/2016;3794.04
16/09/2016;3748.63
17/09/2016;3576.06
18/09/2016;3396.69
19/09/2016;3190.98
20/09/2016;3051.11
21/09/2016;2904.31
22/09/2016;2791.79
23/09/2016;2746.13
24/09/2016;2813.48
25/09/2016;2737.74
26/09/2016;2591.36
27/09/2016;2512.47
28/09/2016;2504.26
29/09/2016;2550.07
30/09/2016;2591.36
01/10/2016;2599.64
02/10/2016;2666.08
03/10/2016;2805.04
04/10/2016;2962.82
05/10/2016;3026.52
06/10/2016;3075.75
07/10/2016;3088.09
08/10/2016;2981.16
09/10/2016;2861.83
10/10/2016;3026.52
11/10/2016;3826.55
12/10/2016;4279.46
13/10/2016;4240.69
14/10/2016;4071.92
15/10/2016;3887.86
16/10/2016;3777.16
17/10/2016;3731.8
18/10/2016;3784.95
19/10/2016;3861.74
20/10/2016;3971.74
21/10/2016;4150.11
22/10/2016;4399.01
23/10/2016;4539.71
24/10/2016;4500.38
25/10/2016;4448.95
26/10/2016;4461.12
27/10/2016;4522.77
28/10/2016;4528.86
29/10/2016;4518.02
30/10/2016;4706.2
31/10/2016;4836.83
01/11/2016;4814.76
02/11/2016;5128.74
03/11/2016;6083.1
04/11/2016;6759.51
05/11/2016;6651.77
06/11/2016;6200.21
07/11/2016;5765.32
08/11/2016;5564.39
09/11/2016;5709.18
10/11/2016;5792.7
11/11/2016;5580.14
12/11/2016;5249.49
13/11/2016;4982.26
14/11/2016;4745.98
15/11/2016;4530.23
16/11/2016;4427.33
17/11/2016;4443.54
18/11/2016;4641.87
19/11/2016;5207.28
20/11/2016;6165.02
21/11/2016;7274.02
22/11/2016;7681.42
23/11/2016;7665.94
24/11/2016;7585.59
25/11/2016;7467.04
26/11/2016;7416.36
27/11/2016;7580.96
28/11/2016;8322.38
29/11/2016;8807.31
30/11/2016;8720.96
01/12/2016;8421.99
02/12/2016;8267.18
03/12/2016;8152.31
04/12/2016;8014.36
05/12/2016;7937.84
06/12/2016;8006.56
07/12/2016;8300.3
08/12/2016;8567.96
09/12/2016;8655.55
10/12/2016;8711.38
11/12/2016;9337.98
12/12/2016;10034.64
13/12/2016;10015.63
14/12/2016;9638.04
15/12/2016;9535.03
16/12/2016;9687.2
17/12/2016;9861.37
18/12/2016;10051.2
19/12/2016;10398.43
20/12/2016;10934.04
21/12/2016;11392.52
22/12/2016;11360.09
23/12/2016;10999.98
24/12/2016;10681.36
25/12/2016;10794.02
26/12/2016;11222.15
27/12/2016;11445.43
28/12/2016;11697.28
29/12/2016;12135.67
30/12/2016;12159.93
31/12/2016;12291.95
01/01/2017;14479.65
02/01/2017;16512.84
03/01/2017;18103.05
04/01/2017;18888.32
05/01/2017;18841.9
06/01/2017;18656.5
07/01/2017;18241.02
08/01/2017;17736.39
09/01/2017;17645.01
10/01/2017;18287.07
11/01/2017;20720.5
12/01/2017;22836.87
13/01/2017;23766.3
14/01/2017;23815.48
15/01/2017;23422.81
16/01/2017;23080.56
17/01/2017;22351.41
18/01/2017;21580.11
19/01/2017;20910.78
20/01/2017;20483.27
21/01/2017;19775.67
22/01/2017;18934.77
23/01/2017;18149.01
24/01/2017;17599.37
25/01/2017;17280.7
26/01/2017;17235.29
27/01/2017;17417.1
28/01/2017;18103.05
29/01/2017;19494.36
30/01/2017;20673
31/01/2017;21006.07
01/02/2017;20958.41
02/02/2017;20199.49
03/02/2017;19167.45
04/02/2017;18103.05
05/02/2017;17235.29
06/02/2017;17144.57
07/02/2017;18425.39
08/02/2017;19167.45
09/02/2017;19167.45
10/02/2017;19588.02
11/02/2017;20435.91
12/02/2017;20673
13/02/2017;20578.08
14/02/2017;20152.29
15/02/2017;20057.97
16/02/2017;21772.3
17/02/2017;23569.87
18/02/2017;24308.57
19/02/2017;24903.58
20/02/2017;25152.55
21/02/2017;24853.86
22/02/2017;24308.57
23/02/2017;24358.02
24/02/2017;25402.13
25/02/2017;26608.57
26/02/2017;27777.62
27/02/2017;28649.65
28/02/2017;29476.44
01/03/2017;30256.83
02/03/2017;30675.09
03/03/2017;30884.76
04/03/2017;31305.15
05/03/2017;31779.77
06/03/2017;32256.16
07/03/2017;32256.16
08/03/2017;31938.37
09/03/2017;31305.15
10/03/2017;30413.51
11/03/2017;29736.01
12/03/2017;29684.05
13/03/2017;29892.02
14/03/2017;30100.35
15/03/2017;29944.07
16/03/2017;29320.97
17/03/2017;29114
18/03/2017;28701.15
19/03/2017;28855.8
20/03/2017;30100.35
21/03/2017;31094.78
22/03/2017;31305.15
23/03/2017;30779.88
24/03/2017;29684.05
25/03/2017;28649.65
26/03/2017;28033.4
27/03/2017;27777.62
28/03/2017;27471.45
29/03/2017;27267.8
30/03/2017;27216.95
31/03/2017;27420.5
01/04/2017;27624.43
02/04/2017;28033.4
03/04/2017;28495.27
04/04/2017;28649.65
05/04/2017;28701.15
06/04/2017;28701.15
07/04/2017;28701.15
08/04/2017;28495.27
09/04/2017;28649.65
10/04/2017;28959.01
11/04/2017;29114
12/04/2017;29114
13/04/2017;29269.2
14/04/2017;29580.2
15/04/2017;30413.51
16/04/2017;31147.34
17/04/2017;31252.52
18/04/2017;30570.39
19/04/2017;29580.2
20/04/2017;28649.65
21/04/2017;28033.4
22/04/2017;27624.43
23/04/2017;27267.8
24/04/2017;27369.58
25/04/2017;27828.73
26/04/2017;28443.86
27/04/2017;28701.15
28/04/2017;28752.68
29/04/2017;28649.65
30/04/2017;28495.27
01/05/2017;27879.86
02/05/2017;27726.53
03/05/2017;27420.5
04/05/2017;26709.73
05/05/2017;25953.36
06/05/2017;25302.23
07/05/2017;24655.23
08/05/2017;24111.03
09/05/2017;23913.89
10/05/2017;23668.04
11/05/2017;23569.87
12/05/2017;23471.81
13/05/2017;23373.84
14/05/2017;23618.94
15/05/2017;24111.03
16/05/2017;24308.57
17/05/2017;25152.55
18/05/2017;26406.53
19/05/2017;26457
20/05/2017;26003.61
21/05/2017;25702.44
22/05/2017;25402.13
23/05/2017;25352.17
24/05/2017;26104.2
25/05/2017;26810.98
26/05/2017;26104.2
27/05/2017;24953.33
28/05/2017;24259.15
29/05/2017;23766.3
30/05/2017;23373.84
31/05/2017;23129.38
01/06/2017;23275.98
02/06/2017;23618.94
03/06/2017;23668.04
04/06/2017;23227.09
05/06/2017;22593.82
06/06/2017;21964.92
07/06/2017;21388.34
08/06/2017;20815.59
09/06/2017;20057.97
10/06/2017;19494.36
11/06/2017;19074.29
12/06/2017;18888.32
13/06/2017;20530.66
14/06/2017;21868.56
15/06/2017;21964.92
16/06/2017;21292.61
17/06/2017;20388.57
18/06/2017;19775.67
19/06/2017;19494.36
20/06/2017;19120.85
21/06/2017;18563.97
22/06/2017;17827.88
23/06/2017;17417.1
24/06/2017;17553.76
25/06/2017;17553.76
26/06/2017;17099.25
27/06/2017;16423.08
28/06/2017;15709.37
29/06/2017;15091.4
30/06/2017;14479.65
01/07/2017;14089.72
02/07/2017;13831.25
03/07/2017;13960.33
04/07/2017;14436.19
05/07/2017;14959.79
06/07/2017;15091.4
07/07/2017;14741.06
08/07/2017;14132.92
09/07/2017;13488.47
10/07/2017;12851.57
11/07/2017;12264.11
12/07/2017;11766.06
13/07/2017;11314.07
14/07/2017;10988.12
15/07/2017;10704.87
16/07/2017;10463.56
17/07/2017;10263.51
18/07/2017;10064.42
19/07/2017;9708.53
20/07/2017;9394.87
21/07/2017;8967.8
22/07/2017;9045.08
23/07/2017;9512.19
24/07/2017;9629.87
25/07/2017;9394.87
26/07/2017;9006.42
27/07/2017;8583.88
28/07/2017;8166.45
29/07/2017;7828.79
30/07/2017;7494.71
31/07/2017;7200.82
01/08/2017;6946.08
02/08/2017;6693.63
03/08/2017;6479.11
04/08/2017;6301.68
05/08/2017;6125.48
06/08/2017;5950.53
07/08/2017;5742.26
08/08/2017;5570.12
09/08/2017;5399.29
10/08/2017;5331.33
11/08/2017;5433.35
12/08/2017;5501.63
13/08/2017;5331.33
14/08/2017;5095.17
15/08/2017;4828.56
16/08/2017;4663.75
17/08/2017;4598.23
18/08/2017;4795.48
19/08/2017;5229.79
20/08/2017;5399.29
21/08/2017;5331.33
22/08/2017;5915.69
23/08/2017;7127.8
24/08/2017;7717.03
25/08/2017;7642.74
26/08/2017;7310.69
27/08/2017;7018.63
28/08/2017;6729.55
29/08/2017;6479.11
30/08/2017;6231.05
31/08/2017;6020.36
01/09/2017;5776.84
02/09/2017;5604.44
03/09/2017;5570.12
04/09/2017;5535.85
05/09/2017;5297.43
06/09/2017;5095.17
07/09/2017;4861.69
08/09/2017;4663.75
09/09/2017;4435.43
10/09/2017;4242.02
11/09/2017;4050.77
12/09/2017;3955.98
13/09/2017;3861.74
14/09/2017;3768.07
15/09/2017;3768.07
16/09/2017;3987.52
17/09/2017;5570.12
18/09/2017;6693.63
19/09/2017;6765.52
20/09/2017;6479.11
21/09/2017;6160.62
22/09/2017;5915.69
23/09/2017;5776.84
24/09/2017;5673.25
25/09/2017;5467.46
26/09/2017;5162.37
27/09/2017;4828.56
28/09/2017;4532.94
29/09/2017;4274.11
30/09/2017;4210
01/10/2017;4306.25
02/10/2017;4242.02
03/10/2017;4210
04/10/2017;4467.88
05/10/2017;4729.5
06/10/2017;4795.48
07/10/2017;4729.5
08/10/2017;4565.55
09/10/2017;4370.73
10/10/2017;4146.12
11/10/2017;3861.74
12/10/2017;3613.24
13/10/2017;3399.22
14/10/2017;3308.49
15/10/2017;3128.9
16/10/2017;3010.56
17/10/2017;3010.56
18/10/2017;2951.82
19/10/2017;2893.37
20/10/2017;2951.82
21/10/2017;3551.76
22/10/2017;4242.02
23/10/2017;4598.23
24/10/2017;4598.23
25/10/2017;4467.88
26/10/2017;4435.43
27/10/2017;4500.38
28/10/2017;4696.6
29/10/2017;5028.18
30/10/2017;5263.58
31/10/2017;5365.28
01/11/2017;5263.58
02/11/2017;5570.12
03/11/2017;7091.36
04/11/2017;7494.71
05/11/2017;7274.02
06/11/2017;7642.74
07/11/2017;8241.96
08/11/2017;8469.52
09/11/2017;8204.18
10/11/2017;7978.42
11/11/2017;7940.95
12/11/2017;8241.96
13/11/2017;8890.68
14/11/2017;9747.91
15/11/2017;10303.44
16/11/2017;10503.68
17/11/2017;10785.61
18/11/2017;11232.36
19/11/2017;11191.56
20/11/2017;10826.04
21/11/2017;10303.44
22/11/2017;9866.31
23/11/2017;9669.18
24/11/2017;10104.16
25/11/2017;10785.61
26/11/2017;11354.97
27/11/2017;12055.97
28/11/2017;12473.14
29/11/2017;12347.62
30/11/2017;11931.51
01/12/2017;11518.97
02/12/2017;11354.97
03/12/2017;11724.79
04/12/2017;12556.99
05/12/2017;13917.27
06/12/2017;15355.49
07/12/2017;15976.09
08/12/2017;15887.06
09/12/2017;16333.44
10/12/2017;17462.62
11/12/2017;18241.02
12/12/2017;17690.69
13/12/2017;17235.29
14/12/2017;17371.6
15/12/2017;17280.7
16/12/2017;17280.7
17/12/2017;17144.57
18/12/2017;16918.28
19/12/2017;16647.72
20/12/2017;16020.65
21/12/2017;15753.75
22/12/2017;15487.96
23/12/2017;15887.06
24/12/2017;16199.2
25/12/2017;16602.73
26/12/2017;16918.28
27/12/2017;18841.9
28/12/2017;22885.56
29/12/2017;25302.23
30/12/2017;25652.32
31/12/2017;25802.73
01/01/2018;25552.17
02/01/2018;25152.55
03/01/2018;24506.51
04/01/2018;23717.16
05/01/2018;23275.98
06/01/2018;23178.22
07/01/2018;24358.02
08/01/2018;26709.73
09/01/2018;28135.88
10/01/2018;28752.68
11/01/2018;28907.39
12/01/2018;28598.17
13/01/2018;27879.86
14/01/2018;27573.41
15/01/2018;27675.47
16/01/2018;28238.45
17/01/2018;29269.2
18/01/2018;30832.31
19/01/2018;31621.37
20/01/2018;31938.37
21/01/2018;32309.2
22/01/2018;32521.57
23/01/2018;32627.89
24/01/2018;32840.78
25/01/2018;32734.29
26/01/2018;32044.21
27/01/2018;30989.72
28/01/2018;29839.99
29/01/2018;29010.65
30/01/2018;28341.11
31/01/2018;27982.2
01/02/2018;29217.44
02/02/2018;30675.09
03/02/2018;31357.8
04/02/2018;31674.15
05/02/2018;31938.37
06/02/2018;32734.29
07/02/2018;33535.05
08/02/2018;34017.79
09/02/2018;34179.09
10/02/2018;33749.39
11/02/2018;33481.52
12/02/2018;33695.77
13/02/2018;33964.07
14/02/2018;34826.16
15/02/2018;34934.29
16/02/2018;34826.16
17/02/2018;35205
18/02/2018;35693.57
19/02/2018;36238.38
20/02/2018;36566.25
21/02/2018;36675.7
22/02/2018;36785.23
23/02/2018;36785.23
24/02/2018;36566.25
25/02/2018;36675.7
26/02/2018;36730.46
27/02/2018;36238.38
28/02/2018;35911.25
01/03/2018;35530.53
02/03/2018;35205
03/03/2018;34934.29
04/03/2018;34934.29
05/03/2018;34826.16
06/03/2018;34502.25
07/03/2018;34017.79
08/03/2018;33695.77
09/03/2018;33588.6
10/03/2018;33964.07
11/03/2018;35042.52
12/03/2018;35693.57
13/03/2018;35856.8
14/03/2018;36074.72
15/03/2018;36020.21
16/03/2018;36020.21
17/03/2018;35639.2
18/03/2018;35259.2
19/03/2018;35530.53
20/03/2018;36620.96
21/03/2018;37389.11
22/03/2018;37995.41
23/03/2018;38050.65
24/03/2018;38271.8
25/03/2018;38437.87
26/03/2018;38826.07
27/03/2018;38937.16
28/03/2018;38992.73
29/03/2018;39048.32
30/03/2018;38826.07
31/03/2018;38161.18
01/04/2018;37554.22
02/04/2018;36456.88
03/04/2018;35476.22
04/04/2018;35096.66
05/04/2018;35259.2
06/04/2018;35965.72
07/04/2018;36949.68
08/04/2018;37334.11
09/04/2018;37114.32
10/04/2018;36675.7
11/04/2018;36020.21
12/04/2018;35367.67
13/04/2018;34556.18
14/04/2018;34179.09
15/04/2018;33695.77
16/04/2018;33107.38
17/04/2018;33000.68
18/04/2018;33321.04
19/04/2018;33321.04
20/04/2018;32947.36
21/04/2018;32309.2
22/04/2018;31515.87
23/04/2018;30937.23
24/04/2018;30465.78
25/04/2018;29996.14
26/04/2018;29580.2
27/04/2018;29062.31
28/04/2018;28701.15
29/04/2018;28495.27
30/04/2018;28443.86
01/05/2018;28495.27
02/05/2018;28546.71
03/05/2018;28289.77
04/05/2018;27982.2
05/05/2018;27828.73
06/05/2018;27624.43
07/05/2018;27318.68
08/05/2018;27115.32
09/05/2018;27267.8
10/05/2018;28033.4
11/05/2018;28855.8
12/05/2018;29320.97
13/05/2018;29114
14/05/2018;28495.27
15/05/2018;27726.53
16/05/2018;27013.78
17/05/2018;26810.98
18/05/2018;26810.98
19/05/2018;26507.5
20/05/2018;26053.89
21/05/2018;25752.57
22/05/2018;25552.17
23/05/2018;25252.31
24/05/2018;25252.31
25/05/2018;25202.42
26/05/2018;24804.17
27/05/2018;24209.75
28/05/2018;23520.83
29/05/2018;22983.01
30/05/2018;22496.78
31/05/2018;22061.39
01/06/2018;21628.12
02/06/2018;21196.99
03/06/2018;20910.78
04/06/2018;20720.5
05/06/2018;21724.22
06/06/2018;23520.83
07/06/2018;24704.85
08/06/2018;24804.17
09/06/2018;24111.03
10/06/2018;23275.98
11/06/2018;22399.84
12/06/2018;21580.11
13/06/2018;20815.59
14/06/2018;20152.29
15/06/2018;19494.36
16/06/2018;18934.77
17/06/2018;18471.56
18/06/2018;18057.11
19/06/2018;17553.76
20/06/2018;17144.57
21/06/2018;16737.78
22/06/2018;16378.24
23/06/2018;15976.09
24/06/2018;15532.18
25/06/2018;15091.4
26/06/2018;14784.74
27/06/2018;14176.14
28/06/2018;13788.28
29/06/2018;13403.11
30/06/2018;13063.02
01/07/2018;12936.05
02/07/2018;13917.27
03/07/2018;14436.19
04/07/2018;14089.72
05/07/2018;13488.47
06/07/2018;12851.57
07/07/2018;12431.26
08/07/2018;12640.98
09/07/2018;12640.98
10/07/2018;12097.53
11/07/2018;11436.9
12/07/2018;10826.04
13/07/2018;10303.44
14/07/2018;9866.31
15/07/2018;9551.38
16/07/2018;9355.84
17/07/2018;9161.31
18/07/2018;8929.22
19/07/2018;8583.88
20/07/2018;8241.96
21/07/2018;7903.52
22/07/2018;7642.74
23/07/2018;7384.16
24/07/2018;7091.36
25/07/2018;6873.71
26/07/2018;6693.63
27/07/2018;6765.52
28/07/2018;7274.02
29/07/2018;7679.86
30/07/2018;7679.86
31/07/2018;7420.96
01/08/2018;7054.97
02/08/2018;6693.63
03/08/2018;6407.99
04/08/2018;6090.39
05/08/2018;5742.26
06/08/2018;5570.12
07/08/2018;5570.12
08/08/2018;5604.44
09/08/2018;5846.16
10/08/2018;7310.69
11/08/2018;8091.11
12/08/2018;8241.96
13/08/2018;7940.95
14/08/2018;7531.65
15/08/2018;7274.02
16/08/2018;7054.97
17/08/2018;6909.87
18/08/2018;6693.63
19/08/2018;6514.75
20/08/2018;6372.51
21/08/2018;6301.68
22/08/2018;6266.34
23/08/2018;6337.07
24/08/2018;6301.68
25/08/2018;6231.05
26/08/2018;6337.07
27/08/2018;6586.15
28/08/2018;6693.63
29/08/2018;6621.93
30/08/2018;6372.51
31/08/2018;6160.62
01/09/2018;6125.48
02/09/2018;6195.81
03/09/2018;6160.62
04/09/2018;5915.69
05/09/2018;5604.44
06/09/2018;5297.43
07/09/2018;5061.65
08/09/2018;4994.77
09/09/2018;4994.77
10/09/2018;5061.65
11/09/2018;4994.77
12/09/2018;4828.56
13/09/2018;4565.55
14/09/2018;4306.25
15/09/2018;4082.5
16/09/2018;3893.09
17/09/2018;3705.95
18/09/2018;3582.47
19/09/2018;3368.91
20/09/2018;3188.49
21/09/2018;3099.21
22/09/2018;3099.21
23/09/2018;3308.49
24/09/2018;4306.25
25/09/2018;5095.17
26/09/2018;5263.58
27/09/2018;5162.37
28/09/2018;4928.12
29/09/2018;4729.5
30/09/2018;4598.23
01/10/2018;4435.43
02/10/2018;4114.28
03/10/2018;3861.74
04/10/2018;3674.98
05/10/2018;3582.47
06/10/2018;3521.12
07/10/2018;3460.03
08/10/2018;3521.12
09/10/2018;3644.08
10/10/2018;3674.98
11/10/2018;3768.07
12/10/2018;3987.52
13/10/2018;4500.38
14/10/2018;5399.29
15/10/2018;5915.69
16/10/2018;5811.48
17/10/2018;5742.26
18/10/2018;6125.48
19/10/2018;6693.63
20/10/2018;7091.36
21/10/2018;7127.8
22/10/2018;7054.97
23/10/2018;7018.63
24/10/2018;6946.08
25/10/2018;6982.33
26/10/2018;7091.36
27/10/2018;7274.02
28/10/2018;7457.81
29/10/2018;8393.5
30/10/2018;10423.47
31/10/2018;11642.36
01/11/2018;11972.96
02/11/2018;11807.37
03/11/2018;11314.07
04/11/2018;10745.22
05/11/2018;10303.44
06/11/2018;9945.44
07/11/2018;9826.8
08/11/2018;9826.8
09/11/2018;9985.06
10/11/2018;10183.76
11/11/2018;10543.84
12/11/2018;11273.19
13/11/2018;12389.42
14/11/2018;12936.05
15/11/2018;12851.57
16/11/2018;12305.85
17/11/2018;12055.97
18/11/2018;11972.96
19/11/2018;12014.45
20/11/2018;13147.84
21/11/2018;14566.66
22/11/2018;15223.31
23/11/2018;15842.59
24/11/2018;16963.47
25/11/2018;17417.1
26/11/2018;17599.37
27/11/2018;20105.11
28/11/2018;22061.39
29/11/2018;22303.01
30/11/2018;21628.12
01/12/2018;21820.42
02/12/2018;22545.29
03/12/2018;23275.98
04/12/2018;23717.16
05/12/2018;24754.49
06/12/2018;26053.89
07/12/2018;26608.57
08/12/2018;26457
09/12/2018;26053.89
10/12/2018;25252.31
11/12/2018;24358.02
12/12/2018;23766.3
13/12/2018;23227.09
14/12/2018;22496.78
15/12/2018;21724.22
16/12/2018;21006.07
17/12/2018;20815.59
18/12/2018;20910.78
19/12/2018;21724.22
20/12/2018;22399.84
21/12/2018;23963.14
22/12/2018;26104.2
23/12/2018;27471.45
24/12/2018;28084.63
25/12/2018;28289.77
26/12/2018;28341.11
27/12/2018;28649.65
28/12/2018;29269.2
29/12/2018;29580.2
30/12/2018;29269.2
31/12/2018;28341.11
01/01/2019;27777.62
02/01/2019;27624.43
03/01/2019;27879.86
04/01/2019;28392.47
05/01/2019;27982.2
06/01/2019;27115.32
07/01/2019;26810.98
08/01/2019;26709.73
09/01/2019;26963.04
10/01/2019;27216.95
11/01/2019;27369.58
12/01/2019;27471.45
13/01/2019;27982.2
14/01/2019;29165.71
15/01/2019;30152.48
16/01/2019;30832.31
17/01/2019;31252.52
18/01/2019;31252.52
19/01/2019;31042.24
20/01/2019;30937.23
21/01/2019;30779.88
22/01/2019;30518.08
23/01/2019;29892.02
24/01/2019;29892.02
25/01/2019;30675.09
26/01/2019;31305.15
27/01/2019;31568.61
28/01/2019;31252.52
29/01/2019;30989.72
30/01/2019;30622.73
31/01/2019;30727.48
01/02/2019;31357.8
02/02/2019;32097.17
03/02/2019;33107.38
04/02/2019;34125.3
05/02/2019;35150.82
06/02/2019;36292.98
07/02/2019;36949.68
08/02/2019;37334.11
09/02/2019;37664.4
10/02/2019;37995.41
11/02/2019;38050.65
12/02/2019;37499.16
13/02/2019;36894.85
14/02/2019;36402.22
15/02/2019;36020.21
16/02/2019;36566.25
17/02/2019;37059.42
18/02/2019;37444.12
19/02/2019;37829.81
20/02/2019;38271.8
21/02/2019;38770.55
22/02/2019;39270.9
23/02/2019;39549.56
24/02/2019;39716.98
25/02/2019;39605.35
26/02/2019;39270.9
27/02/2019;39048.32
28/02/2019;39270.9
01/03/2019;39884.59
02/03/2019;40388.45
03/03/2019;40781.43
04/03/2019;41231.69
05/03/2019;41739.7
06/03/2019;41909.38
07/03/2019;42022.6
08/03/2019;41909.38
09/03/2019;41513.73
10/03/2019;41119.01
11/03/2019;40893.88
12/03/2019;40556.75
13/03/2019;39940.5
14/03/2019;39493.79
15/03/2019;39159.57
16/03/2019;38992.73
17/03/2019;38937.16
18/03/2019;39103.94
19/03/2019;39270.9
20/03/2019;39048.32
21/03/2019;38548.69
22/03/2019;38050.65
23/03/2019;37774.66
24/03/2019;37940.19
25/03/2019;38161.18
26/03/2019;38382.5
27/03/2019;38493.27
28/03/2019;38548.69
29/03/2019;38604.12
30/03/2019;38604.12
31/03/2019;38659.58
01/04/2019;38881.6
02/04/2019;39159.57
03/04/2019;39159.57
04/04/2019;38659.58
05/04/2019;37884.99
06/04/2019;37224.17
07/04/2019;37114.32
08/04/2019;37609.3
09/04/2019;38327.14
10/04/2019;38770.55
11/04/2019;38715.05
12/04/2019;37719.52
13/04/2019;36347.59
14/04/2019;34988.39
15/04/2019;33803.03
16/04/2019;32734.29
17/04/2019;31991.28
18/04/2019;31252.52
19/04/2019;30518.08
20/04/2019;30100.35
21/04/2019;30204.64
22/04/2019;30413.51
23/04/2019;30152.48
24/04/2019;29787.99
25/04/2019;29684.05
26/04/2019;29217.44
27/04/2019;29424.6
28/04/2019;30256.83
29/04/2019;30779.88
30/04/2019;30832.31
01/05/2019;30779.88
02/05/2019;30989.72
03/05/2019;31357.8
04/05/2019;31515.87
05/05/2019;30727.48
06/05/2019;30048.23
07/05/2019;29528.31
08/05/2019;29320.97
09/05/2019;29632.11
10/05/2019;29944.07
11/05/2019;29684.05
12/05/2019;29010.65
13/05/2019;28392.47
14/05/2019;28135.88
15/05/2019;28907.39
16/05/2019;29839.99
17/05/2019;30675.09
18/05/2019;30937.23
19/05/2019;30361.26
20/05/2019;29320.97
21/05/2019;28187.15
22/05/2019;27216.95
23/05/2019;26406.53
24/05/2019;25702.44
25/05/2019;25152.55
26/05/2019;24704.85
27/05/2019;24506.51
28/05/2019;25252.31
29/05/2019;26356.08
30/05/2019;26608.57
31/05/2019;26154.53
01/06/2019;25302.23
02/06/2019;24506.51
03/06/2019;23864.67
04/06/2019;23324.9
05/06/2019;22983.01
06/06/2019;23373.84
07/06/2019;24061.71
08/06/2019;24358.02
09/06/2019;24506.51
10/06/2019;24209.75
11/06/2019;23471.81
12/06/2019;22642.38
13/06/2019;21868.56
14/06/2019;21244.79
15/06/2019;21101.48
16/06/2019;21149.22
17/06/2019;21244.79
18/06/2019;20246.72
19/06/2019;20578.08
20/06/2019;22109.66
21/06/2019;22109.66
22/06/2019;21436.24
23/06/2019;20530.66
24/06/2019;19541.18
25/06/2019;18795.51
26/06/2019;18425.39
27/06/2019;18011.21
28/06/2019;17280.7
29/06/2019;16423.08
30/06/2019;15709.37
01/07/2019;15091.4
02/07/2019;14523.14
03/07/2019;14219.4
04/07/2019;13960.33
05/07/2019;13659.59
06/07/2019;13275.32
07/07/2019;12893.79
08/07/2019;12851.57
09/07/2019;14610.21
10/07/2019;15135.34
11/07/2019;14566.66
12/07/2019;13788.28
13/07/2019;13063.02
14/07/2019;12389.42
15/07/2019;11807.37
16/07/2019;11273.19
17/07/2019;10785.61
18/07/2019;10343.41
19/07/2019;9985.06
20/07/2019;9629.87
21/07/2019;9629.87
22/07/2019;9866.31
23/07/2019;9905.85
24/07/2019;9590.6
25/07/2019;9161.31
26/07/2019;8736.95
27/07/2019;8431.49
28/07/2019;8166.45
29/07/2019;7940.95
30/07/2019;8053.5
31/07/2019;8431.49
01/08/2019;8736.95
02/08/2019;8890.68
03/08/2019;8813.73
04/08/2019;8698.62
05/08/2019;8507.6
06/08/2019;8279.78
07/08/2019;8053.5
08/08/2019;7828.79
09/08/2019;7605.67
10/08/2019;7494.71
11/08/2019;7457.81
12/08/2019;7347.4
13/08/2019;7127.8
14/08/2019;6801.54
15/08/2019;6479.11
16/08/2019;6266.34
17/08/2019;6020.36
18/08/2019;5811.48
19/08/2019;5604.44
20/08/2019;5467.46
21/08/2019;5399.29
22/08/2019;5467.46
23/08/2019;5501.63
24/08/2019;5365.28
25/08/2019;5095.17
26/08/2019;4861.69
27/08/2019;4828.56
28/08/2019;4828.56
29/08/2019;4828.56
30/08/2019;4795.48
31/08/2019;4532.94
01/09/2019;4274.11
02/09/2019;4082.5
03/09/2019;3955.98
04/09/2019;3893.09
05/09/2019;3830.46
06/09/2019;3736.98
07/09/2019;3613.24
08/09/2019;3460.03
09/09/2019;3338.67
10/09/2019;3218.39
11/09/2019;3188.49
12/09/2019;3218.39
13/09/2019;3278.39
14/09/2019;3188.49
15/09/2019;3099.21
16/09/2019;3069.59
17/09/2019;3099.21
18/09/2019;3188.49
19/09/2019;3248.35
20/09/2019;3399.22
21/09/2019;3861.74
22/09/2019;4178.03
23/09/2019;4178.03
24/09/2019;3987.52
25/09/2019;3674.98
26/09/2019;3368.91
27/09/2019;3248.35
28/09/2019;3099.21
29/09/2019;3040.04
30/09/2019;3010.56
01/10/2019;3010.56
02/10/2019;2981.16
03/10/2019;2951.82
04/10/2019;2951.82
05/10/2019;3128.9
06/10/2019;3248.35
07/10/2019;3218.39
08/10/2019;3158.66
09/10/2019;3338.67
10/10/2019;4894.88
11/10/2019;7164.29
12/10/2019;8204.18
13/10/2019;8317.64
14/10/2019;7791.49
15/10/2019;7054.97
16/10/2019;6550.43
17/10/2019;6160.62
18/10/2019;5811.48
19/10/2019;5535.85
20/10/2019;5331.33
21/10/2019;5196.06
22/10/2019;5263.58
23/10/2019;5776.84
24/10/2019;6586.15
25/10/2019;7274.02
26/10/2019;7642.74
27/10/2019;7754.24
28/10/2019;7568.64
29/10/2019;7347.4
30/10/2019;7091.36
31/10/2019;6837.6
01/11/2019;6586.15
02/11/2019;6372.51
03/11/2019;6160.62
04/11/2019;5985.42
05/11/2019;5811.48
06/11/2019;5638.82
07/11/2019;5467.46
08/11/2019;5263.58
09/11/2019;5229.79
10/11/2019;5365.28
11/11/2019;5673.25
12/11/2019;5915.69
13/11/2019;6514.75
14/11/2019;7091.36
15/11/2019;7754.24
16/11/2019;9394.87
17/11/2019;10223.61
18/11/2019;10745.22
19/11/2019;12222.41
20/11/2019;13275.32
21/11/2019;13275.32
22/11/2019;12473.14
23/11/2019;11642.36
24/11/2019;10988.12
25/11/2019;10503.68
26/11/2019;9985.06
27/11/2019;9590.6
28/11/2019;9316.85
29/11/2019;9277.9
30/11/2019;9277.9
01/12/2019;9473.04
02/12/2019;10704.87
03/12/2019;12180.75
04/12/2019;12725.12
05/12/2019;12347.62
06/12/2019;11972.96
07/12/2019;12431.26
08/12/2019;13531.2
09/12/2019;14089.72
10/12/2019;14392.77
11/12/2019;15753.75
12/12/2019;17965.33
13/12/2019;18888.32
14/12/2019;19447.58
15/12/2019;20152.29
16/12/2019;20625.53
17/12/2019;20673
18/12/2019;20388.57
19/12/2019;19869.66
20/12/2019;19775.67
21/12/2019;21532.13
22/12/2019;23373.84
23/12/2019;24209.75
24/12/2019;24456.99
25/12/2019;24903.58
26/12/2019;25452.12
27/12/2019;25852.92
28/12/2019;26003.61
29/12/2019;25752.57
30/12/2019;25602.24
31/12/2019;25852.92
